{
    "web":{
        "client_id":"160918823797-b0mfbh5q8srsnf0se4iph1evlsf4nhkr.apps.googleusercontent.com",
        "project_id":"oauth20-example-443304",
        "auth_uri":"https://accounts.google.com/o/oauth2/auth",
        "token_uri":"https://oauth2.googleapis.com/token",
        "auth_provider_x509_cert_url":"https://www.googleapis.com/oauth2/v1/certs",
        "client_secret":"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",
        "redirect_uris":["http://localhost:3000/auth/google/callback"]
    }
}